经纬度,wkt,geojson
"103.83850363823365,30.699705113712845",,
"104.02148467577476,30.677168043478257",,
"104.09981498408446,30.6397367163679",,
"103.95518629460628,30.786518484319785",,
